Country Name,Country Code,Series Name,Series Code,2015 [YR2015]
Afghanistan,AFG,"Literacy rate, adult total (% of people ages 15 and above)",SE.ADT.LITR.ZS,..
Albania,ALB,"Literacy rate, adult total (% of people ages 15 and above)",SE.ADT.LITR.ZS,..
Algeria,DZA,"Literacy rate, adult total (% of people ages 15 and above)",SE.ADT.LITR.ZS,..
American Samoa,ASM,"Literacy rate, adult total (% of people ages 15 and above)",SE.ADT.LITR.ZS,..
Andorra,AND,"Literacy rate, adult total (% of people ages 15 and above)",SE.ADT.LITR.ZS,..
Angola,AGO,"Literacy rate, adult total (% of people ages 15 and above)",SE.ADT.LITR.ZS,..
Antigua and Barbuda,ATG,"Literacy rate, adult total (% of people ages 15 and above)",SE.ADT.LITR.ZS,98.94999695
Argentina,ARG,"Literacy rate, adult total (% of people ages 15 and above)",SE.ADT.LITR.ZS,99.17996216
Armenia,ARM,"Literacy rate, adult total (% of people ages 15 and above)",SE.ADT.LITR.ZS,..
Aruba,ABW,"Literacy rate, adult total (% of people ages 15 and above)",SE.ADT.LITR.ZS,..
Australia,AUS,"Literacy rate, adult total (% of people ages 15 and above)",SE.ADT.LITR.ZS,..
Austria,AUT,"Literacy rate, adult total (% of people ages 15 and above)",SE.ADT.LITR.ZS,..
Azerbaijan,AZE,"Literacy rate, adult total (% of people ages 15 and above)",SE.ADT.LITR.ZS,99.78806305
"Bahamas, The",BHS,"Literacy rate, adult total (% of people ages 15 and above)",SE.ADT.LITR.ZS,..
Bahrain,BHR,"Literacy rate, adult total (% of people ages 15 and above)",SE.ADT.LITR.ZS,..
Bangladesh,BGD,"Literacy rate, adult total (% of people ages 15 and above)",SE.ADT.LITR.ZS,65.1373291
Barbados,BRB,"Literacy rate, adult total (% of people ages 15 and above)",SE.ADT.LITR.ZS,..
Belarus,BLR,"Literacy rate, adult total (% of people ages 15 and above)",SE.ADT.LITR.ZS,..
Belgium,BEL,"Literacy rate, adult total (% of people ages 15 and above)",SE.ADT.LITR.ZS,..
Belize,BLZ,"Literacy rate, adult total (% of people ages 15 and above)",SE.ADT.LITR.ZS,..
Benin,BEN,"Literacy rate, adult total (% of people ages 15 and above)",SE.ADT.LITR.ZS,..
Bermuda,BMU,"Literacy rate, adult total (% of people ages 15 and above)",SE.ADT.LITR.ZS,..
Bhutan,BTN,"Literacy rate, adult total (% of people ages 15 and above)",SE.ADT.LITR.ZS,..
Bolivia,BOL,"Literacy rate, adult total (% of people ages 15 and above)",SE.ADT.LITR.ZS,92.45507813
Bosnia and Herzegovina,BIH,"Literacy rate, adult total (% of people ages 15 and above)",SE.ADT.LITR.ZS,..
Botswana,BWA,"Literacy rate, adult total (% of people ages 15 and above)",SE.ADT.LITR.ZS,..
Brazil,BRA,"Literacy rate, adult total (% of people ages 15 and above)",SE.ADT.LITR.ZS,92.04789734
British Virgin Islands,VGB,"Literacy rate, adult total (% of people ages 15 and above)",SE.ADT.LITR.ZS,..
Brunei Darussalam,BRN,"Literacy rate, adult total (% of people ages 15 and above)",SE.ADT.LITR.ZS,..
Bulgaria,BGR,"Literacy rate, adult total (% of people ages 15 and above)",SE.ADT.LITR.ZS,..
Burkina Faso,BFA,"Literacy rate, adult total (% of people ages 15 and above)",SE.ADT.LITR.ZS,..
Burundi,BDI,"Literacy rate, adult total (% of people ages 15 and above)",SE.ADT.LITR.ZS,..
Cabo Verde,CPV,"Literacy rate, adult total (% of people ages 15 and above)",SE.ADT.LITR.ZS,86.79029083
Cambodia,KHM,"Literacy rate, adult total (% of people ages 15 and above)",SE.ADT.LITR.ZS,80.52648926
Cameroon,CMR,"Literacy rate, adult total (% of people ages 15 and above)",SE.ADT.LITR.ZS,..
Canada,CAN,"Literacy rate, adult total (% of people ages 15 and above)",SE.ADT.LITR.ZS,..
Cayman Islands,CYM,"Literacy rate, adult total (% of people ages 15 and above)",SE.ADT.LITR.ZS,..
Central African Republic,CAF,"Literacy rate, adult total (% of people ages 15 and above)",SE.ADT.LITR.ZS,..
Chad,TCD,"Literacy rate, adult total (% of people ages 15 and above)",SE.ADT.LITR.ZS,26.00299072
Channel Islands,CHI,"Literacy rate, adult total (% of people ages 15 and above)",SE.ADT.LITR.ZS,..
Chile,CHL,"Literacy rate, adult total (% of people ages 15 and above)",SE.ADT.LITR.ZS,96.87413025
China,CHN,"Literacy rate, adult total (% of people ages 15 and above)",SE.ADT.LITR.ZS,..
Colombia,COL,"Literacy rate, adult total (% of people ages 15 and above)",SE.ADT.LITR.ZS,94.24504852
Comoros,COM,"Literacy rate, adult total (% of people ages 15 and above)",SE.ADT.LITR.ZS,..
"Congo, Dem. Rep.",COD,"Literacy rate, adult total (% of people ages 15 and above)",SE.ADT.LITR.ZS,..
"Congo, Rep.",COG,"Literacy rate, adult total (% of people ages 15 and above)",SE.ADT.LITR.ZS,..
Costa Rica,CRI,"Literacy rate, adult total (% of people ages 15 and above)",SE.ADT.LITR.ZS,..
Cote d'Ivoire,CIV,"Literacy rate, adult total (% of people ages 15 and above)",SE.ADT.LITR.ZS,..
Croatia,HRV,"Literacy rate, adult total (% of people ages 15 and above)",SE.ADT.LITR.ZS,..
Cuba,CUB,"Literacy rate, adult total (% of people ages 15 and above)",SE.ADT.LITR.ZS,..
Curacao,CUW,"Literacy rate, adult total (% of people ages 15 and above)",SE.ADT.LITR.ZS,..
Cyprus,CYP,"Literacy rate, adult total (% of people ages 15 and above)",SE.ADT.LITR.ZS,..
Czechia,CZE,"Literacy rate, adult total (% of people ages 15 and above)",SE.ADT.LITR.ZS,..
Denmark,DNK,"Literacy rate, adult total (% of people ages 15 and above)",SE.ADT.LITR.ZS,..
Djibouti,DJI,"Literacy rate, adult total (% of people ages 15 and above)",SE.ADT.LITR.ZS,..
Dominica,DMA,"Literacy rate, adult total (% of people ages 15 and above)",SE.ADT.LITR.ZS,..
Dominican Republic,DOM,"Literacy rate, adult total (% of people ages 15 and above)",SE.ADT.LITR.ZS,91.99121094
Ecuador,ECU,"Literacy rate, adult total (% of people ages 15 and above)",SE.ADT.LITR.ZS,94.45565796
"Egypt, Arab Rep.",EGY,"Literacy rate, adult total (% of people ages 15 and above)",SE.ADT.LITR.ZS,..
El Salvador,SLV,"Literacy rate, adult total (% of people ages 15 and above)",SE.ADT.LITR.ZS,87.96984863
Equatorial Guinea,GNQ,"Literacy rate, adult total (% of people ages 15 and above)",SE.ADT.LITR.ZS,..
Eritrea,ERI,"Literacy rate, adult total (% of people ages 15 and above)",SE.ADT.LITR.ZS,..
Estonia,EST,"Literacy rate, adult total (% of people ages 15 and above)",SE.ADT.LITR.ZS,..
Eswatini,SWZ,"Literacy rate, adult total (% of people ages 15 and above)",SE.ADT.LITR.ZS,..
Ethiopia,ETH,"Literacy rate, adult total (% of people ages 15 and above)",SE.ADT.LITR.ZS,..
Faroe Islands,FRO,"Literacy rate, adult total (% of people ages 15 and above)",SE.ADT.LITR.ZS,..
Fiji,FJI,"Literacy rate, adult total (% of people ages 15 and above)",SE.ADT.LITR.ZS,..
Finland,FIN,"Literacy rate, adult total (% of people ages 15 and above)",SE.ADT.LITR.ZS,..
France,FRA,"Literacy rate, adult total (% of people ages 15 and above)",SE.ADT.LITR.ZS,..
French Polynesia,PYF,"Literacy rate, adult total (% of people ages 15 and above)",SE.ADT.LITR.ZS,..
Gabon,GAB,"Literacy rate, adult total (% of people ages 15 and above)",SE.ADT.LITR.ZS,..
"Gambia, The",GMB,"Literacy rate, adult total (% of people ages 15 and above)",SE.ADT.LITR.ZS,50.77796936
Georgia,GEO,"Literacy rate, adult total (% of people ages 15 and above)",SE.ADT.LITR.ZS,..
Germany,DEU,"Literacy rate, adult total (% of people ages 15 and above)",SE.ADT.LITR.ZS,..
Ghana,GHA,"Literacy rate, adult total (% of people ages 15 and above)",SE.ADT.LITR.ZS,..
Gibraltar,GIB,"Literacy rate, adult total (% of people ages 15 and above)",SE.ADT.LITR.ZS,..
Greece,GRC,"Literacy rate, adult total (% of people ages 15 and above)",SE.ADT.LITR.ZS,..
Greenland,GRL,"Literacy rate, adult total (% of people ages 15 and above)",SE.ADT.LITR.ZS,..
Grenada,GRD,"Literacy rate, adult total (% of people ages 15 and above)",SE.ADT.LITR.ZS,..
Guam,GUM,"Literacy rate, adult total (% of people ages 15 and above)",SE.ADT.LITR.ZS,..
Guatemala,GTM,"Literacy rate, adult total (% of people ages 15 and above)",SE.ADT.LITR.ZS,..
Guinea,GIN,"Literacy rate, adult total (% of people ages 15 and above)",SE.ADT.LITR.ZS,..
Guinea-Bissau,GNB,"Literacy rate, adult total (% of people ages 15 and above)",SE.ADT.LITR.ZS,..
Guyana,GUY,"Literacy rate, adult total (% of people ages 15 and above)",SE.ADT.LITR.ZS,..
Haiti,HTI,"Literacy rate, adult total (% of people ages 15 and above)",SE.ADT.LITR.ZS,..
Honduras,HND,"Literacy rate, adult total (% of people ages 15 and above)",SE.ADT.LITR.ZS,87.90682983
"Hong Kong SAR, China",HKG,"Literacy rate, adult total (% of people ages 15 and above)",SE.ADT.LITR.ZS,..
Hungary,HUN,"Literacy rate, adult total (% of people ages 15 and above)",SE.ADT.LITR.ZS,..
Iceland,ISL,"Literacy rate, adult total (% of people ages 15 and above)",SE.ADT.LITR.ZS,..
India,IND,"Literacy rate, adult total (% of people ages 15 and above)",SE.ADT.LITR.ZS,..
Indonesia,IDN,"Literacy rate, adult total (% of people ages 15 and above)",SE.ADT.LITR.ZS,95.21793365
"Iran, Islamic Rep.",IRN,"Literacy rate, adult total (% of people ages 15 and above)",SE.ADT.LITR.ZS,..
Iraq,IRQ,"Literacy rate, adult total (% of people ages 15 and above)",SE.ADT.LITR.ZS,..
Ireland,IRL,"Literacy rate, adult total (% of people ages 15 and above)",SE.ADT.LITR.ZS,..
Isle of Man,IMN,"Literacy rate, adult total (% of people ages 15 and above)",SE.ADT.LITR.ZS,..
Israel,ISR,"Literacy rate, adult total (% of people ages 15 and above)",SE.ADT.LITR.ZS,..
Italy,ITA,"Literacy rate, adult total (% of people ages 15 and above)",SE.ADT.LITR.ZS,..
Jamaica,JAM,"Literacy rate, adult total (% of people ages 15 and above)",SE.ADT.LITR.ZS,..
Japan,JPN,"Literacy rate, adult total (% of people ages 15 and above)",SE.ADT.LITR.ZS,..
Jordan,JOR,"Literacy rate, adult total (% of people ages 15 and above)",SE.ADT.LITR.ZS,..
Kazakhstan,KAZ,"Literacy rate, adult total (% of people ages 15 and above)",SE.ADT.LITR.ZS,..
Kenya,KEN,"Literacy rate, adult total (% of people ages 15 and above)",SE.ADT.LITR.ZS,..
Kiribati,KIR,"Literacy rate, adult total (% of people ages 15 and above)",SE.ADT.LITR.ZS,..
"Korea, Dem. People's Rep.",PRK,"Literacy rate, adult total (% of people ages 15 and above)",SE.ADT.LITR.ZS,..
"Korea, Rep.",KOR,"Literacy rate, adult total (% of people ages 15 and above)",SE.ADT.LITR.ZS,..
Kosovo,XKX,"Literacy rate, adult total (% of people ages 15 and above)",SE.ADT.LITR.ZS,..
Kuwait,KWT,"Literacy rate, adult total (% of people ages 15 and above)",SE.ADT.LITR.ZS,95.68544769
Kyrgyz Republic,KGZ,"Literacy rate, adult total (% of people ages 15 and above)",SE.ADT.LITR.ZS,..
Lao PDR,LAO,"Literacy rate, adult total (% of people ages 15 and above)",SE.ADT.LITR.ZS,84.66104126
Latvia,LVA,"Literacy rate, adult total (% of people ages 15 and above)",SE.ADT.LITR.ZS,..
Lebanon,LBN,"Literacy rate, adult total (% of people ages 15 and above)",SE.ADT.LITR.ZS,..
Lesotho,LSO,"Literacy rate, adult total (% of people ages 15 and above)",SE.ADT.LITR.ZS,..
Liberia,LBR,"Literacy rate, adult total (% of people ages 15 and above)",SE.ADT.LITR.ZS,..
Libya,LBY,"Literacy rate, adult total (% of people ages 15 and above)",SE.ADT.LITR.ZS,..
Liechtenstein,LIE,"Literacy rate, adult total (% of people ages 15 and above)",SE.ADT.LITR.ZS,..
Lithuania,LTU,"Literacy rate, adult total (% of people ages 15 and above)",SE.ADT.LITR.ZS,..
Luxembourg,LUX,"Literacy rate, adult total (% of people ages 15 and above)",SE.ADT.LITR.ZS,..
"Macao SAR, China",MAC,"Literacy rate, adult total (% of people ages 15 and above)",SE.ADT.LITR.ZS,..
Madagascar,MDG,"Literacy rate, adult total (% of people ages 15 and above)",SE.ADT.LITR.ZS,..
Malawi,MWI,"Literacy rate, adult total (% of people ages 15 and above)",SE.ADT.LITR.ZS,62.14353943
Malaysia,MYS,"Literacy rate, adult total (% of people ages 15 and above)",SE.ADT.LITR.ZS,..
Maldives,MDV,"Literacy rate, adult total (% of people ages 15 and above)",SE.ADT.LITR.ZS,..
Mali,MLI,"Literacy rate, adult total (% of people ages 15 and above)",SE.ADT.LITR.ZS,33.06888962
Malta,MLT,"Literacy rate, adult total (% of people ages 15 and above)",SE.ADT.LITR.ZS,..
Marshall Islands,MHL,"Literacy rate, adult total (% of people ages 15 and above)",SE.ADT.LITR.ZS,..
Mauritania,MRT,"Literacy rate, adult total (% of people ages 15 and above)",SE.ADT.LITR.ZS,..
Mauritius,MUS,"Literacy rate, adult total (% of people ages 15 and above)",SE.ADT.LITR.ZS,92.70760345
Mexico,MEX,"Literacy rate, adult total (% of people ages 15 and above)",SE.ADT.LITR.ZS,94.47228241
"Micronesia, Fed. Sts.",FSM,"Literacy rate, adult total (% of people ages 15 and above)",SE.ADT.LITR.ZS,..
Moldova,MDA,"Literacy rate, adult total (% of people ages 15 and above)",SE.ADT.LITR.ZS,..
Monaco,MCO,"Literacy rate, adult total (% of people ages 15 and above)",SE.ADT.LITR.ZS,..
Mongolia,MNG,"Literacy rate, adult total (% of people ages 15 and above)",SE.ADT.LITR.ZS,..
Montenegro,MNE,"Literacy rate, adult total (% of people ages 15 and above)",SE.ADT.LITR.ZS,..
Morocco,MAR,"Literacy rate, adult total (% of people ages 15 and above)",SE.ADT.LITR.ZS,..
Mozambique,MOZ,"Literacy rate, adult total (% of people ages 15 and above)",SE.ADT.LITR.ZS,56.03900146
Myanmar,MMR,"Literacy rate, adult total (% of people ages 15 and above)",SE.ADT.LITR.ZS,..
Namibia,NAM,"Literacy rate, adult total (% of people ages 15 and above)",SE.ADT.LITR.ZS,..
Nauru,NRU,"Literacy rate, adult total (% of people ages 15 and above)",SE.ADT.LITR.ZS,..
Nepal,NPL,"Literacy rate, adult total (% of people ages 15 and above)",SE.ADT.LITR.ZS,..
Netherlands,NLD,"Literacy rate, adult total (% of people ages 15 and above)",SE.ADT.LITR.ZS,..
New Caledonia,NCL,"Literacy rate, adult total (% of people ages 15 and above)",SE.ADT.LITR.ZS,..
New Zealand,NZL,"Literacy rate, adult total (% of people ages 15 and above)",SE.ADT.LITR.ZS,..
Nicaragua,NIC,"Literacy rate, adult total (% of people ages 15 and above)",SE.ADT.LITR.ZS,82.61454773
Niger,NER,"Literacy rate, adult total (% of people ages 15 and above)",SE.ADT.LITR.ZS,..
Nigeria,NGA,"Literacy rate, adult total (% of people ages 15 and above)",SE.ADT.LITR.ZS,..
North Macedonia,MKD,"Literacy rate, adult total (% of people ages 15 and above)",SE.ADT.LITR.ZS,..
Northern Mariana Islands,MNP,"Literacy rate, adult total (% of people ages 15 and above)",SE.ADT.LITR.ZS,..
Norway,NOR,"Literacy rate, adult total (% of people ages 15 and above)",SE.ADT.LITR.ZS,..
Oman,OMN,"Literacy rate, adult total (% of people ages 15 and above)",SE.ADT.LITR.ZS,93.03861237
Pakistan,PAK,"Literacy rate, adult total (% of people ages 15 and above)",SE.ADT.LITR.ZS,..
Palau,PLW,"Literacy rate, adult total (% of people ages 15 and above)",SE.ADT.LITR.ZS,96.59374237
Panama,PAN,"Literacy rate, adult total (% of people ages 15 and above)",SE.ADT.LITR.ZS,..
Papua New Guinea,PNG,"Literacy rate, adult total (% of people ages 15 and above)",SE.ADT.LITR.ZS,..
Paraguay,PRY,"Literacy rate, adult total (% of people ages 15 and above)",SE.ADT.LITR.ZS,95.55484009
Peru,PER,"Literacy rate, adult total (% of people ages 15 and above)",SE.ADT.LITR.ZS,94.16233826
Philippines,PHL,"Literacy rate, adult total (% of people ages 15 and above)",SE.ADT.LITR.ZS,98.18254852
Poland,POL,"Literacy rate, adult total (% of people ages 15 and above)",SE.ADT.LITR.ZS,..
Portugal,PRT,"Literacy rate, adult total (% of people ages 15 and above)",SE.ADT.LITR.ZS,..
Puerto Rico,PRI,"Literacy rate, adult total (% of people ages 15 and above)",SE.ADT.LITR.ZS,..
Qatar,QAT,"Literacy rate, adult total (% of people ages 15 and above)",SE.ADT.LITR.ZS,..
Romania,ROU,"Literacy rate, adult total (% of people ages 15 and above)",SE.ADT.LITR.ZS,..
Russian Federation,RUS,"Literacy rate, adult total (% of people ages 15 and above)",SE.ADT.LITR.ZS,..
Rwanda,RWA,"Literacy rate, adult total (% of people ages 15 and above)",SE.ADT.LITR.ZS,..
Samoa,WSM,"Literacy rate, adult total (% of people ages 15 and above)",SE.ADT.LITR.ZS,..
San Marino,SMR,"Literacy rate, adult total (% of people ages 15 and above)",SE.ADT.LITR.ZS,..
Sao Tome and Principe,STP,"Literacy rate, adult total (% of people ages 15 and above)",SE.ADT.LITR.ZS,..
Saudi Arabia,SAU,"Literacy rate, adult total (% of people ages 15 and above)",SE.ADT.LITR.ZS,..
Senegal,SEN,"Literacy rate, adult total (% of people ages 15 and above)",SE.ADT.LITR.ZS,..
Serbia,SRB,"Literacy rate, adult total (% of people ages 15 and above)",SE.ADT.LITR.ZS,..
Seychelles,SYC,"Literacy rate, adult total (% of people ages 15 and above)",SE.ADT.LITR.ZS,..
Sierra Leone,SLE,"Literacy rate, adult total (% of people ages 15 and above)",SE.ADT.LITR.ZS,..
Singapore,SGP,"Literacy rate, adult total (% of people ages 15 and above)",SE.ADT.LITR.ZS,96.82549286
Sint Maarten (Dutch part),SXM,"Literacy rate, adult total (% of people ages 15 and above)",SE.ADT.LITR.ZS,..
Slovak Republic,SVK,"Literacy rate, adult total (% of people ages 15 and above)",SE.ADT.LITR.ZS,..
Slovenia,SVN,"Literacy rate, adult total (% of people ages 15 and above)",SE.ADT.LITR.ZS,..
Solomon Islands,SLB,"Literacy rate, adult total (% of people ages 15 and above)",SE.ADT.LITR.ZS,..
Somalia,SOM,"Literacy rate, adult total (% of people ages 15 and above)",SE.ADT.LITR.ZS,..
South Africa,ZAF,"Literacy rate, adult total (% of people ages 15 and above)",SE.ADT.LITR.ZS,94.36791992
South Sudan,SSD,"Literacy rate, adult total (% of people ages 15 and above)",SE.ADT.LITR.ZS,..
Spain,ESP,"Literacy rate, adult total (% of people ages 15 and above)",SE.ADT.LITR.ZS,98.14325714
Sri Lanka,LKA,"Literacy rate, adult total (% of people ages 15 and above)",SE.ADT.LITR.ZS,..
St. Kitts and Nevis,KNA,"Literacy rate, adult total (% of people ages 15 and above)",SE.ADT.LITR.ZS,..
St. Lucia,LCA,"Literacy rate, adult total (% of people ages 15 and above)",SE.ADT.LITR.ZS,..
St. Martin (French part),MAF,"Literacy rate, adult total (% of people ages 15 and above)",SE.ADT.LITR.ZS,..
St. Vincent and the Grenadines,VCT,"Literacy rate, adult total (% of people ages 15 and above)",SE.ADT.LITR.ZS,..
Sudan,SDN,"Literacy rate, adult total (% of people ages 15 and above)",SE.ADT.LITR.ZS,..
Suriname,SUR,"Literacy rate, adult total (% of people ages 15 and above)",SE.ADT.LITR.ZS,..
Sweden,SWE,"Literacy rate, adult total (% of people ages 15 and above)",SE.ADT.LITR.ZS,..
Switzerland,CHE,"Literacy rate, adult total (% of people ages 15 and above)",SE.ADT.LITR.ZS,..
Syrian Arab Republic,SYR,"Literacy rate, adult total (% of people ages 15 and above)",SE.ADT.LITR.ZS,..
Tajikistan,TJK,"Literacy rate, adult total (% of people ages 15 and above)",SE.ADT.LITR.ZS,..
Tanzania,TZA,"Literacy rate, adult total (% of people ages 15 and above)",SE.ADT.LITR.ZS,77.88722992
Thailand,THA,"Literacy rate, adult total (% of people ages 15 and above)",SE.ADT.LITR.ZS,92.86830902
Timor-Leste,TLS,"Literacy rate, adult total (% of people ages 15 and above)",SE.ADT.LITR.ZS,..
Togo,TGO,"Literacy rate, adult total (% of people ages 15 and above)",SE.ADT.LITR.ZS,63.74562073
Tonga,TON,"Literacy rate, adult total (% of people ages 15 and above)",SE.ADT.LITR.ZS,..
Trinidad and Tobago,TTO,"Literacy rate, adult total (% of people ages 15 and above)",SE.ADT.LITR.ZS,..
Tunisia,TUN,"Literacy rate, adult total (% of people ages 15 and above)",SE.ADT.LITR.ZS,..
Turkiye,TUR,"Literacy rate, adult total (% of people ages 15 and above)",SE.ADT.LITR.ZS,95.60141754
Turkmenistan,TKM,"Literacy rate, adult total (% of people ages 15 and above)",SE.ADT.LITR.ZS,..
Turks and Caicos Islands,TCA,"Literacy rate, adult total (% of people ages 15 and above)",SE.ADT.LITR.ZS,..
Tuvalu,TUV,"Literacy rate, adult total (% of people ages 15 and above)",SE.ADT.LITR.ZS,..
Uganda,UGA,"Literacy rate, adult total (% of people ages 15 and above)",SE.ADT.LITR.ZS,..
Ukraine,UKR,"Literacy rate, adult total (% of people ages 15 and above)",SE.ADT.LITR.ZS,..
United Arab Emirates,ARE,"Literacy rate, adult total (% of people ages 15 and above)",SE.ADT.LITR.ZS,..
United Kingdom,GBR,"Literacy rate, adult total (% of people ages 15 and above)",SE.ADT.LITR.ZS,..
United States,USA,"Literacy rate, adult total (% of people ages 15 and above)",SE.ADT.LITR.ZS,..
Uruguay,URY,"Literacy rate, adult total (% of people ages 15 and above)",SE.ADT.LITR.ZS,98.52387238
Uzbekistan,UZB,"Literacy rate, adult total (% of people ages 15 and above)",SE.ADT.LITR.ZS,99.98383331
Vanuatu,VUT,"Literacy rate, adult total (% of people ages 15 and above)",SE.ADT.LITR.ZS,..
"Venezuela, RB",VEN,"Literacy rate, adult total (% of people ages 15 and above)",SE.ADT.LITR.ZS,96.60521698
Vietnam,VNM,"Literacy rate, adult total (% of people ages 15 and above)",SE.ADT.LITR.ZS,..
Virgin Islands (U.S.),VIR,"Literacy rate, adult total (% of people ages 15 and above)",SE.ADT.LITR.ZS,..
West Bank and Gaza,PSE,"Literacy rate, adult total (% of people ages 15 and above)",SE.ADT.LITR.ZS,96.47711945
"Yemen, Rep.",YEM,"Literacy rate, adult total (% of people ages 15 and above)",SE.ADT.LITR.ZS,..
Zambia,ZMB,"Literacy rate, adult total (% of people ages 15 and above)",SE.ADT.LITR.ZS,..
Zimbabwe,ZWE,"Literacy rate, adult total (% of people ages 15 and above)",SE.ADT.LITR.ZS,..
Africa Eastern and Southern,AFE,"Literacy rate, adult total (% of people ages 15 and above)",SE.ADT.LITR.ZS,..
Africa Western and Central,AFW,"Literacy rate, adult total (% of people ages 15 and above)",SE.ADT.LITR.ZS,..
Arab World,ARB,"Literacy rate, adult total (% of people ages 15 and above)",SE.ADT.LITR.ZS,73.49938965
Caribbean small states,CSS,"Literacy rate, adult total (% of people ages 15 and above)",SE.ADT.LITR.ZS,91.44355774
Central Europe and the Baltics,CEB,"Literacy rate, adult total (% of people ages 15 and above)",SE.ADT.LITR.ZS,98.9777298
Early-demographic dividend,EAR,"Literacy rate, adult total (% of people ages 15 and above)",SE.ADT.LITR.ZS,77.95578003
East Asia & Pacific,EAS,"Literacy rate, adult total (% of people ages 15 and above)",SE.ADT.LITR.ZS,95.13826752
East Asia & Pacific (excluding high income),EAP,"Literacy rate, adult total (% of people ages 15 and above)",SE.ADT.LITR.ZS,95.40923309
East Asia & Pacific (IDA & IBRD countries),TEA,"Literacy rate, adult total (% of people ages 15 and above)",SE.ADT.LITR.ZS,95.35286713
Euro area,EMU,"Literacy rate, adult total (% of people ages 15 and above)",SE.ADT.LITR.ZS,..
Europe & Central Asia,ECS,"Literacy rate, adult total (% of people ages 15 and above)",SE.ADT.LITR.ZS,98.16487122
Europe & Central Asia (excluding high income),ECA,"Literacy rate, adult total (% of people ages 15 and above)",SE.ADT.LITR.ZS,98.87846375
Europe & Central Asia (IDA & IBRD countries),TEC,"Literacy rate, adult total (% of people ages 15 and above)",SE.ADT.LITR.ZS,98.86424255
European Union,EUU,"Literacy rate, adult total (% of people ages 15 and above)",SE.ADT.LITR.ZS,..
Fragile and conflict affected situations,FCS,"Literacy rate, adult total (% of people ages 15 and above)",SE.ADT.LITR.ZS,62.14889145
Heavily indebted poor countries (HIPC),HPC,"Literacy rate, adult total (% of people ages 15 and above)",SE.ADT.LITR.ZS,59.64675903
High income,HIC,"Literacy rate, adult total (% of people ages 15 and above)",SE.ADT.LITR.ZS,..
IBRD only,IBD,"Literacy rate, adult total (% of people ages 15 and above)",SE.ADT.LITR.ZS,88.45137787
IDA & IBRD total,IBT,"Literacy rate, adult total (% of people ages 15 and above)",SE.ADT.LITR.ZS,83.28063965
IDA blend,IDB,"Literacy rate, adult total (% of people ages 15 and above)",SE.ADT.LITR.ZS,65.02774048
IDA only,IDX,"Literacy rate, adult total (% of people ages 15 and above)",SE.ADT.LITR.ZS,62.39786911
IDA total,IDA,"Literacy rate, adult total (% of people ages 15 and above)",SE.ADT.LITR.ZS,63.47595978
Late-demographic dividend,LTE,"Literacy rate, adult total (% of people ages 15 and above)",SE.ADT.LITR.ZS,95.6782608
Latin America & Caribbean,LCN,"Literacy rate, adult total (% of people ages 15 and above)",SE.ADT.LITR.ZS,93.13275146
Latin America & Caribbean (excluding high income),LAC,"Literacy rate, adult total (% of people ages 15 and above)",SE.ADT.LITR.ZS,92.95179749
Latin America & the Caribbean (IDA & IBRD countries),TLA,"Literacy rate, adult total (% of people ages 15 and above)",SE.ADT.LITR.ZS,92.9957962
Least developed countries: UN classification,LDC,"Literacy rate, adult total (% of people ages 15 and above)",SE.ADT.LITR.ZS,60.87612152
Low & middle income,LMY,"Literacy rate, adult total (% of people ages 15 and above)",SE.ADT.LITR.ZS,83.14720154
Low income,LIC,"Literacy rate, adult total (% of people ages 15 and above)",SE.ADT.LITR.ZS,58.5800209
Lower middle income,LMC,"Literacy rate, adult total (% of people ages 15 and above)",SE.ADT.LITR.ZS,73.63826752
Middle East & North Africa,MEA,"Literacy rate, adult total (% of people ages 15 and above)",SE.ADT.LITR.ZS,79.43242645
Middle East & North Africa (excluding high income),MNA,"Literacy rate, adult total (% of people ages 15 and above)",SE.ADT.LITR.ZS,76.62332153
Middle East & North Africa (IDA & IBRD countries),TMN,"Literacy rate, adult total (% of people ages 15 and above)",SE.ADT.LITR.ZS,76.40354156
Middle income,MIC,"Literacy rate, adult total (% of people ages 15 and above)",SE.ADT.LITR.ZS,85.21755219
North America,NAC,"Literacy rate, adult total (% of people ages 15 and above)",SE.ADT.LITR.ZS,..
Not classified,INX,"Literacy rate, adult total (% of people ages 15 and above)",SE.ADT.LITR.ZS,..
OECD members,OED,"Literacy rate, adult total (% of people ages 15 and above)",SE.ADT.LITR.ZS,..
Other small states,OSS,"Literacy rate, adult total (% of people ages 15 and above)",SE.ADT.LITR.ZS,84.69232178
Pacific island small states,PSS,"Literacy rate, adult total (% of people ages 15 and above)",SE.ADT.LITR.ZS,91.01599121
Post-demographic dividend,PST,"Literacy rate, adult total (% of people ages 15 and above)",SE.ADT.LITR.ZS,..
Pre-demographic dividend,PRE,"Literacy rate, adult total (% of people ages 15 and above)",SE.ADT.LITR.ZS,59.66225052
Small states,SST,"Literacy rate, adult total (% of people ages 15 and above)",SE.ADT.LITR.ZS,86.4052124
South Asia,SAS,"Literacy rate, adult total (% of people ages 15 and above)",SE.ADT.LITR.ZS,69.65735
South Asia (IDA & IBRD),TSA,"Literacy rate, adult total (% of people ages 15 and above)",SE.ADT.LITR.ZS,69.65734863
Sub-Saharan Africa,SSF,"Literacy rate, adult total (% of people ages 15 and above)",SE.ADT.LITR.ZS,63.54935837
Sub-Saharan Africa (excluding high income),SSA,"Literacy rate, adult total (% of people ages 15 and above)",SE.ADT.LITR.ZS,63.49285889
Sub-Saharan Africa (IDA & IBRD countries),TSS,"Literacy rate, adult total (% of people ages 15 and above)",SE.ADT.LITR.ZS,63.54935837
Upper middle income,UMC,"Literacy rate, adult total (% of people ages 15 and above)",SE.ADT.LITR.ZS,95.099617
World,WLD,"Literacy rate, adult total (% of people ages 15 and above)",SE.ADT.LITR.ZS,85.54232025
,,,,
,,,,
,,,,
Data from database: World Development Indicators,,,,
Last Updated: 09/16/2022,,,,
